# hip	name	bayer	const	ra_hours	dec_deg	mag	Source: HYG v4 (CC BY-SA 4.0)
32349	Sirio	α CMa	CMa	6.752481	-16.71612	-1.44
30438	Canopo	α Car	Car	6.399195	-52.69566	-0.62
69673	Arturo	α Boo	Boo	14.261030	19.18241	-0.05
71683	Rigil Kentaurus	α Cen	Cen	14.660765	-60.83398	-0.01
91262	Vega	α Lyr	Lyr	18.615640	38.78369	0.03
24608	Capella	α Aur	Aur	5.278150	45.99799	0.08
24436	Rigel	β Ori	Ori	5.242298	-8.20164	0.18
37279	Proción	α CMi	CMi	7.655033	5.22499	0.40
7588	Achernar	α Eri	Eri	1.628556	-57.23676	0.45
27989	Betelgeuse	α Ori	Ori	5.919529	7.40706	0.45
68702	Hadar	β Cen	Cen	14.063729	-60.37304	0.61
97649	Altair	α Aql	Aql	19.846388	8.86832	0.76
60718	Acrux	α Cru	Cru	12.443311	-63.09909	0.77
21421	Aldebarán	α Tau	Tau	4.598677	16.50930	0.87
118360			Aur	5.277926	46.00084	0.96
65474	Espiga	α Vir	Vir	13.419883	-11.16132	0.98
80763	Antares	α Sco	Sco	16.490128	-26.43200	1.06
37826	Pólux	β Gem	Gem	7.755277	28.02620	1.16
113368	Fomalhaut	α PsA	PsA	22.960838	-29.62224	1.17
62434	Mimosa	β Cru	Cru	12.795359	-59.68876	1.25
102098	Deneb	α Cyg	Cyg	20.690532	45.28034	1.25
71681	Toliman	α Cen	Cen	14.660346	-60.83830	1.35
49669	Regulus	α Leo	Leo	10.139532	11.96721	1.36
33579	Adhara	ε CMa	CMa	6.977097	-28.97208	1.50
36850	Cástor	α Gem	Gem	7.576634	31.88828	1.58
61084	Gacrux	γ Cru	Cru	12.519429	-57.11321	1.59
85927	Shaula	λ Sco	Sco	17.560145	-37.10382	1.62
25336	Bellatrix	γ Ori	Ori	5.418851	6.34970	1.64
25428	Elnath	β Tau	Tau	5.438198	28.60745	1.65
45238	Miaplacidus	β Car	Car	9.220041	-69.71721	1.67
26311	Alnilam	ε Ori	Ori	5.603559	-1.20192	1.69
109268	Alnair	α Gru	Gru	22.137209	-46.96097	1.73
26727	Alnitak	ζ Ori	Ori	5.679313	-1.94257	1.74
39953		γ Vel	Vel	8.158876	-47.33659	1.75
62956	Alioth	ε UMa	UMa	12.900472	55.95982	1.76
15863	Mirfak	α Per	Per	3.405378	49.86118	1.79
90185	Kaus Australis	ε Sgr	Sgr	18.402868	-34.38462	1.79
54061	Dubhe	α UMa	UMa	11.062155	61.75103	1.81
34444	Wezen	δ CMa	CMa	7.139857	-26.39320	1.83
67301	Alkaid	η UMa	UMa	13.792354	49.31327	1.85
41037	Avior	ε Car	Car	8.375236	-59.50948	1.86
86228	Sargas	θ Sco	Sco	17.621980	-42.99782	1.86
28360	Menkalinan	β Aur	Aur	5.992149	44.94743	1.90
82273	Atria	α TrA	TrA	16.811077	-69.02772	1.91
31681	Alhena	γ Gem	Gem	6.628528	16.39925	1.93
42913	Alsephina	δ Vel	Vel	8.745059	-54.70882	1.93
100751	Peacock	α Pav	Pav	20.427459	-56.73509	1.94
11767	Estrella Polar	α UMi	UMi	2.529750	89.26411	1.97
30324	Mirzam	β CMa	CMa	6.378329	-17.95592	1.98
46390	Alphard	α Hya	Hya	9.459790	-8.65860	1.99
9884	Hamal	α Ari	Ari	2.119555	23.46242	2.01
50583	Algieba	γ Leo	Leo	10.332873	19.84149	2.01
3419	Diphda	β Cet	Cet	0.726490	-17.98661	2.04
92855	Nunki	σ Sgr	Sgr	18.921090	-26.29672	2.05
68933	Menkent	θ Cen	Cen	14.111395	-36.36995	2.06
677	Alpheratz	α And	And	0.139791	29.09043	2.07
5447	Mirach	β And	And	1.162194	35.62056	2.07
27366	Saiph	κ Ori	Ori	5.795941	-9.66961	2.07
72607	Kochab	β UMi	UMi	14.845105	74.15551	2.07
112122	Tiaki	β Gru	Gru	22.711115	-46.88458	2.07
86032	Rasalhague	α Oph	Oph	17.582241	12.56003	2.08
14576	Algol	β Per	Per	3.136148	40.95565	2.09
9640	Almach	γ And	And	2.064984	42.32973	2.10
57632	Denebola	β Leo	Leo	11.817663	14.57206	2.14
4427	Tiansi	γ Cas	Cas	0.945143	60.71674	2.15
61932		γ Cen	Cen	12.691971	-48.95989	2.20
39429	Naos	ζ Pup	Pup	8.059737	-40.00315	2.21
45556	Aspidiske	ι Car	Car	9.284838	-59.27523	2.21
76267	Alphecca	α CrB	CrB	15.578128	26.71469	2.22
44816	Suhail	λ Vel	Vel	9.133268	-43.43259	2.23
65378	Mizar	ζ UMa	UMa	13.398747	54.92536	2.23
100453	Sadr	γ Cyg	Cyg	20.370473	40.25668	2.23
3179	Schedar	α Cas	Cas	0.675116	56.53733	2.24
87833	Eltanin	γ Dra	Dra	17.943437	51.48889	2.24
25930	Mintaka	δ Ori	Ori	5.533445	-0.29909	2.25
746	Caph	β Cas	Cas	0.152887	59.14978	2.28
66657		ε Cen	Cen	13.664796	-53.46639	2.29
78401	Dschubba	δ Sco	Sco	16.005557	-22.62171	2.29
82396	Larawag	ε Sco	Sco	16.836080	-34.29323	2.29
71860	Uridim	α Lup	Lup	14.698823	-47.38820	2.30
71352		η Cen	Cen	14.591786	-42.15782	2.33
53910	Merak	β UMa	UMa	11.030677	56.38243	2.34
72105	Izar	ε Boo	Boo	14.749784	27.07422	2.35
107315	Enif	ε Peg	Peg	21.736433	9.87501	2.38
86670		κ Sco	Sco	17.708132	-39.02998	2.39
2081	Ankaa	α Phe	Phe	0.438056	-42.30598	2.40
58001	Phecda	γ UMa	UMa	11.897168	53.69476	2.41
84012	Sabik	η Oph	Oph	17.172968	-15.72491	2.43
113881	Scheat	β Peg	Peg	23.062901	28.08279	2.44
35904	Aludra	η CMa	CMa	7.401584	-29.30310	2.45
105199	Alderamin	α Cep	Cep	21.309630	62.58557	2.45
45941	Markeb	κ Vel	Vel	9.368562	-55.01067	2.47
102488	Aljanah	ε Cyg	Cyg	20.770178	33.97026	2.48
113963	Markab	α Peg	Peg	23.079348	15.20526	2.49
14135	Menkar	α Cet	Cet	3.037992	4.08973	2.54
81377		ζ Oph	Oph	16.619316	-10.56709	2.54
68002	Leepwal	ζ Cen	Cen	13.925667	-47.28838	2.55
54872	Zosma	δ Leo	Leo	11.235138	20.52372	2.56
78820	Acrab	β Sco	Sco	16.090620	-19.80545	2.56
25985	Arneb	α Lep	Lep	5.545504	-17.82229	2.58
59196		δ Cen	Cen	12.139310	-50.72243	2.58
59803	Gienah	γ Crv	Crv	12.263437	-17.54193	2.58
93506	Ascella	ζ Sgr	Sgr	19.043532	-29.88011	2.60
74785	Zubeneschamali	β Lib	Lib	15.283449	-9.38292	2.61
77070	Unukalhai	α Ser	Ser	15.737798	6.42563	2.63
8903	Sheratan	β Ari	Ari	1.910668	20.80804	2.64
26634	Phact	α Col	Col	5.660817	-34.07411	2.65
28380	Mahasim	θ Aur	Aur	5.995351	37.21258	2.65
61359	Kraz	β Crv	Crv	12.573121	-23.39676	2.65
6686	Ruchbah	δ Cas	Cas	1.430216	60.23528	2.66
67927	Muphrid	η Boo	Boo	13.911411	18.39772	2.68
73273		β Lup	Lup	14.975537	-43.13396	2.68
23015	Hassaleh	ι Aur	Aur	4.949894	33.16609	2.69
52727		μ Vel	Vel	10.779488	-49.42025	2.69
61585		α Mus	Mus	12.619739	-69.13556	2.69
85696	Lesath	υ Sco	Sco	17.512732	-37.29581	2.70
35264		π Pup	Pup	7.285711	-37.09747	2.71
89931	Kaus Media	δ Sgr	Sgr	18.349900	-29.82810	2.72
97278	Tarazed	γ Aql	Aql	19.770994	10.61326	2.72
79593	Yed Prior	δ Oph	Oph	16.239094	-3.69432	2.73
80331	Athebyne	η Dra	Dra	16.399860	61.51421	2.73
52419		θ Car	Car	10.715949	-64.39445	2.74
61941	Porrima	γ Vir	Vir	12.694345	-1.44938	2.74
26241	Hatysa	ι Ori	Ori	5.590551	-5.90990	2.75
65109	Kulou	ι Cen	Cen	13.343296	-36.71229	2.75
72622	Zubenelgenubi	α Lib	Lib	14.847977	-16.04178	2.75
86742	Cebalrai	β Oph	Oph	17.724543	4.56730	2.76
23875	Cursa	β Eri	Eri	5.130829	-5.08645	2.78
80816	Kornephoros	β Her	Her	16.503668	21.48961	2.78
84345	Rasalgethi	α Her	Her	17.244127	14.39033	2.78
59747	Imai	δ Cru	Cru	12.252427	-58.74893	2.79
85670	Rastaban	β Dra	Dra	17.507213	52.30139	2.79
76297		γ Lup	Lup	15.585681	-41.16676	2.80
25606	Nihal	β Lep	Lep	5.470756	-20.75944	2.81
81693	Tianji	ζ Her	Her	16.688113	31.60273	2.81
2021		β Hyi	Hyi	0.427916	-77.25425	2.82
81266	Paikauhale	τ Sco	Sco	16.598043	-28.21602	2.82
90496	Kaus Borealis	λ Sgr	Sgr	18.466179	-25.42170	2.82
1067	Algenib	γ Peg	Peg	0.220598	15.18360	2.83
39757	Tureis	ρ Pup	Pup	8.125737	-24.30432	2.83
77952		β TrA	TrA	15.919083	-63.43073	2.83
18246		ζ Per	Per	3.902200	31.88364	2.84
85258		β Ara	Ara	17.421665	-55.52988	2.84
85792		α Ara	Ara	17.530695	-49.87615	2.84
17702	Alcyone	η Tau	Tau	3.791410	24.10514	2.85
118485	Castor B	α Gem	Gem	7.576827	31.89052	2.85
63608	Vindemiatrix	ε Vir	Vir	13.036278	10.95915	2.85
107556	Deneb Algedi	δ Cap	Cap	21.784011	-16.12729	2.85
9236		α Hyi	Hyi	1.979451	-61.56986	2.86
97165	Fawaris	δ Cyg	Cyg	19.749574	45.13081	2.86
30343	Tejat	μ Gem	Gem	6.382673	22.51359	2.87
74946		γ TrA	TrA	15.315181	-68.67955	2.87
110130	Lang-Exster	α Tuc	Tuc	22.308371	-60.25959	2.87
13847	Acamar	θ Eri	Eri	2.971023	-40.30467	2.88
94141	Albaldah	π Sgr	Sgr	19.162731	-21.02361	2.88
36188	Gomeisa	β CMi	CMi	7.452512	8.28932	2.89
63125	Cor Caroli	α CVn	CVn	12.933807	38.31838	2.89
78265	Fang	π Sco	Sco	15.980865	-26.11410	2.89
18532	Aldu	ε Per	Per	3.964230	40.01022	2.90
80112	Alniyat	σ Sco	Sco	16.353143	-25.59280	2.90
106278	Sadalsuud	β Aqr	Aqr	21.525982	-5.57117	2.90
14328		γ Per	Per	3.079942	53.50644	2.91
48002		υ Car	Car	9.785036	-65.07201	2.92
112158	Matar	η Peg	Peg	22.716704	30.22124	2.93
32768		τ Pup	Pup	6.832266	-50.61456	2.94
60965	Algorab	δ Crv	Crv	12.497739	-16.51543	2.94
109074	Sadalmelik	α Aqr	Aqr	22.096399	-0.31985	2.95
18543	Zaurak	γ Eri	Eri	3.967157	-13.50851	2.97
26451	Tianguan	ζ Tau	Tau	5.627413	21.14255	2.97
47908	Ras Elased Australis	ε Leo	Leo	9.764188	23.77426	2.97
88635	Alnasl	γ Sgr	Sgr	18.096803	-30.42409	2.98
64962	Naja	γ Hya	Hya	13.315359	-23.17151	2.99
87073		ι Sco	Sco	17.793078	-40.12700	2.99
93747	Okab	ζ Aql	Aql	19.090169	13.86348	2.99
10064	Alaybasan	β Tri	Tri	2.159058	34.98730	3.00
54539		ψ UMa	UMa	11.161062	44.49849	3.00
75097	Pherkad	γ UMi	UMi	15.345483	71.83402	3.00
82514	Xamidimura	μ Sco	Sco	16.864509	-38.04738	3.00
108085	Aldhanab	γ Gru	Gru	21.898808	-37.36485	3.00
17358	Sarvvis	δ Per	Per	3.715416	47.78755	3.01
30122	Furud	ζ CMa	CMa	6.338553	-30.06337	3.02
33977		ο CMa	CMa	7.050409	-23.83329	3.02
59316		ε Crv	Crv	12.168746	-22.61977	3.02
23416	Almaaz	ε Aur	Aur	5.032815	43.82331	3.03
62322		β Mus	Mus	12.771346	-68.10812	3.04
71075	Seginus	γ Boo	Boo	14.534636	38.30825	3.04
95947	Albireo	β Cyg	Cyg	19.512023	27.95968	3.05
100345	Dabih	β Cap	Cap	20.350187	-14.78137	3.05
32246	Mebsuta	ε Gem	Gem	6.732202	25.13112	3.06
50801	Tania Australis	μ UMa	UMa	10.372155	41.49952	3.06
94376	Altais	δ Dra	Dra	19.209225	67.66154	3.07
89642		η Sgr	Sgr	18.293793	-36.76169	3.10
43813		ζ Hya	Hya	8.923230	5.94556	3.11
52943		ν Hya	Hya	10.827079	-16.19365	3.11
56561		λ Cen	Cen	11.596363	-63.01984	3.11
101772		α Ind	Ind	20.626116	-47.29150	3.11
27628	Wazn	β Col	Col	5.849329	-35.76831	3.12
44127	Talitha	ι UMa	UMa	8.986828	48.04183	3.12
83081		ζ Ara	Ara	16.977006	-55.99014	3.12
84379	Sarin	δ Her	Her	17.250531	24.83920	3.12
73334		κ Cen	Cen	14.986025	-42.10419	3.13
45860		α Lyn	Lyn	9.350925	34.39256	3.14
46701			Vel	9.520371	-57.03438	3.16
84380	Nuchuang	π Her	Her	17.250788	36.80916	3.16
31685	Pipit	ν Pup	Pup	6.629353	-43.19593	3.17
46853		θ UMa	UMa	9.547715	51.67730	3.17
83895	Aldhibah	ζ Dra	Dra	17.146448	65.71468	3.17
92041		φ Sgr	Sgr	18.760940	-26.99078	3.17
23767	Haedus	η Aur	Aur	5.108580	41.23447	3.18
71908	Xami	α Cir	Cir	14.708492	-64.97514	3.18
22449	Tabit	π Ori	Ori	4.830669	6.96128	3.19
23685	Ping	ε Lep	Lep	5.091018	-22.37103	3.19
83000		κ Oph	Oph	16.961139	9.37503	3.19
87261	Fuyue		Sco	17.830965	-37.04330	3.19
104732		ζ Cyg	Cyg	21.215607	30.22692	3.21
116727	Errai	γ Cep	Cep	23.655820	77.63228	3.21
75141		δ Lup	Lup	15.356201	-40.64752	3.22
79882	Yed Posterior	ε Oph	Oph	16.305358	-4.69251	3.23
89962		η Ser	Ser	18.355167	-2.89882	3.23
106032	Alfirk	β Cep	Cep	21.477662	70.56072	3.23
32607		α Pic	Pic	6.803194	-61.94139	3.24
99473	Antinous	θ Aql	Aql	20.188413	-0.82146	3.24
36377		σ Pup	Pup	7.487179	-43.30143	3.25
68895		π Hya	Hya	14.106193	-26.68236	3.25
73714	Brachium	σ Lib	Lib	15.067839	-25.28196	3.25
93194	Sulafat	γ Lyr	Lyr	18.982395	32.68956	3.25
17678		γ Hyi	Hyi	3.787295	-74.23896	3.26
3092		δ And	And	0.655462	30.86102	3.27
84970		θ Oph	Oph	17.366827	-24.99955	3.27
113136	Skat	δ Aqr	Aqr	22.910837	-15.82082	3.27
24305	Bade	μ Lep	Lep	5.215528	-16.20547	3.29
50099		ω Car	Car	10.228961	-70.03790	3.29
75458	Edasich	ι Dra	Dra	15.415494	58.96607	3.29
21281		α Dor	Dor	4.566598	-55.04498	3.30
51576			Car	10.533743	-61.68533	3.30
29655	Propus	η Gem	Gem	6.247961	22.50680	3.31
85267		γ Ara	Ara	17.423239	-56.37773	3.31
5165		β Phe	Phe	1.101407	-46.71841	3.32
14354		ρ Per	Per	3.086270	38.84027	3.32
59774	Megrez	δ UMa	UMa	12.257086	57.03262	3.32
84143		η Sco	Sco	17.202552	-43.23919	3.32
88048		ν Oph	Oph	17.983775	-9.77363	3.32
93864		τ Sgr	Sgr	19.115670	-27.67042	3.32
19780	Rhombus	α Ret	Ret	4.240404	-62.47386	3.33
54879	Chertan	θ Leo	Leo	11.237335	15.42957	3.33
38170	Azmidi	ξ Pup	Pup	7.821571	-24.85979	3.34
8886	Segin	ε Cas	Cas	1.906584	63.67010	3.35
25281		η Ori	Ori	5.407949	-2.39715	3.35
32362	Alzirr	ξ Gem	Gem	6.754824	12.89559	3.35
41704	Muscida	ο UMa	UMa	8.504431	60.71817	3.35
95501		δ Aql	Aql	19.424972	3.11477	3.36
75264		ε Lup	Lup	15.378021	-44.68962	3.37
43109	Ashlesha	ε Hya	Hya	8.779587	6.41881	3.38
66249	Heze	ζ Vir	Vir	13.578220	-0.59582	3.38
26207	Meissa	λ Ori	Ori	5.585633	9.93416	3.39
50371			Car	10.284720	-61.33230	3.39
63090	Minelauva	δ Vir	Vir	12.926725	3.39747	3.39
109492		ζ Cep	Cep	22.180908	58.20126	3.39
20894	Chamukuy	θ Tau	Tau	4.477705	15.87088	3.40
119131			Oph	17.172783	-15.72692	3.40
6867		γ Phe	Phe	1.472759	-43.31823	3.41
18724	Bibing	λ Tau	Tau	4.011338	12.49035	3.41
67464	Heng	ν Cen	Cen	13.825078	-41.68771	3.41
74395		ζ Lup	Lup	15.204760	-52.09925	3.41
102422		η Cep	Cep	20.754811	61.83878	3.41
112029	Homam	ζ Peg	Peg	22.691033	10.83136	3.41
8796	Mothallah	α Tri	Tri	1.884696	29.57883	3.42
78384		η Lup	Lup	16.002036	-38.39671	3.42
86974		μ Her	Her	17.774319	27.72068	3.42
102395		β Pav	Pav	20.749314	-66.20321	3.42
45080			Car	9.182804	-58.96690	3.43
50335	Adhafera	ζ Leo	Leo	10.278171	23.41731	3.43
93805		λ Aql	Aql	19.104150	-4.88255	3.43
50372	Tania Borealis	λ UMa	UMa	10.284952	42.91436	3.45
3821	Achird	η Cas	Cas	0.818260	57.81519	3.46
5364		η Cet	Cet	1.143164	-10.18226	3.46
38827		χ Car	Car	7.946313	-52.98236	3.46
74666	Qigong	δ Boo	Boo	15.258376	33.31483	3.46
12706	Kaffaljidhma	γ Cet	Cet	2.721678	3.23582	3.47
67472		μ Cen	Cen	13.826943	-42.47373	3.47
49583		η Leo	Leo	10.122209	16.76266	3.48
81833		η Her	Her	16.714933	38.92225	3.48
8102		τ Cet	Cet	1.734479	-15.93748	3.49
33856	Nganurganity	σ CMa	CMa	7.028652	-27.93483	3.49
55219	Alula Borealis	ν UMa	UMa	11.307983	33.09431	3.49
73555	Nekkar	β Boo	Boo	15.032436	40.39057	3.49
90422		α Tel	Tel	18.449561	-45.96846	3.49
112623		ε Gru	Gru	22.809239	-51.31686	3.49
32759		κ CMa	CMa	6.830683	-32.50848	3.50
35550	Wasat	δ Gem	Gem	7.335383	21.98232	3.50
112724		ι Cep	Cep	22.828020	66.20041	3.50
98337		γ Sge	Sge	19.979285	19.49215	3.51
112748	Sadalbari	μ Peg	Peg	22.833385	24.60158	3.51
17378	Rana	δ Eri	Eri	3.720806	-9.76339	3.52
47508	Subra	ο Leo	Leo	9.685843	9.89231	3.52
48774		φ Vel	Vel	9.947708	-54.56779	3.52
118838		γ Vir	Vir	12.694171	-1.44924	3.52
92420	Sheliak	β Lyr	Lyr	18.834665	33.36267	3.52
93085		ξ Sgr	Sgr	18.962167	-21.10665	3.52
109427	Biham	θ Peg	Peg	22.169996	6.19787	3.52
20889	Ain	ε Tau	Tau	4.476943	19.18043	3.53
40526	Tarf	β Cnc	Cnc	8.275256	9.18554	3.53
56343		ξ Hya	Hya	11.550038	-31.85762	3.54
77516		μ Ser	Ser	15.827002	-3.43021	3.54
86263		ξ Ser	Ser	17.626445	-15.39856	3.54
20042		υ Eri	Eri	4.298237	-33.79835	3.55
27288	Darlugal	ζ Lep	Lep	5.782595	-14.82195	3.55
69996		ι Lup	Lup	14.323396	-46.05809	3.55
89937		χ Dra	Dra	18.350736	72.73284	3.55
99240		δ Pav	Pav	20.145157	-66.18207	3.55
1562		ι Cet	Cet	0.323799	-8.82392	3.56
10602		φ Eri	Eri	2.275154	-51.51217	3.56
55282		δ Crt	Crt	11.322347	-14.77854	3.56
82545	Pipirima	μ Sco	Sco	16.872263	-38.01754	3.56
37740		κ Gem	Gem	7.740793	24.39799	3.57
44471	Alkaphrah	κ UMa	UMa	9.060427	47.15653	3.57
71053	Kalasungsang	ρ Boo	Boo	14.530500	30.37144	3.57
75177		φ Lup	Lup	15.363440	-36.26138	3.57
35350		λ Gem	Gem	7.301550	16.54038	3.58
100064	Algedi	α Cap	Cap	20.300904	-12.54485	3.58
7607	Nembus		And	1.633205	48.62821	3.59
24674		τ Ori	Ori	5.293442	-6.84441	3.59
27072		γ Lep	Lep	5.741057	-22.44838	3.59
57757	Zavijava	β Vir	Vir	11.844922	1.76472	3.59
60260	Ginan	ε Cru	Cru	12.356031	-60.40115	3.59
6537		θ Cet	Cet	1.400390	-8.18326	3.60
33018		θ Gem	Gem	6.879816	33.96125	3.60
42536		ο Vel	Vel	8.671554	-52.92189	3.60
46651		ψ Vel	Vel	9.511674	-40.46677	3.60
76470		υ Lib	Lib	15.617070	-28.13508	3.60
85727		δ Ara	Ara	17.518318	-60.68385	3.60
13209	Bharani		Ari	2.833063	27.26051	3.61
15900		ο Tau	Tau	3.413554	9.02887	3.61
49841		λ Hya	Hya	10.176467	-12.35408	3.61
63613		δ Mus	Mus	13.037759	-71.54886	3.61
86929		η Pav	Pav	17.762221	-64.72387	3.61
7097	Alpherg	η Psc	Psc	1.524725	15.34582	3.62
17847	Atlas		Tau	3.819373	24.05342	3.62
37819			Pup	7.754249	-37.96858	3.62
82729		ζ Sco	Sco	16.909731	-42.36131	3.62
113726	Alfarasalkamil	ο And	And	23.032017	42.32598	3.62
57363		λ Mus	Mus	11.760141	-66.72876	3.63
101769	Rotanev	β Del	Del	20.625816	14.59509	3.64
20205	Prima Hyadum	γ Tau	Tau	4.329889	15.62764	3.65
46733			UMa	9.525453	63.06186	3.65
77233	Zhou	β Ser	Ser	15.769793	15.42183	3.65
88714		θ Ara	Ara	18.110520	-50.09148	3.65
110960		ζ Aqr	Aqr	22.480531	-0.01997	3.65
75695	Nusakan	β CrB	CrB	15.463818	29.10570	3.66
76600		τ Lib	Lib	15.644270	-29.77775	3.66
68756	Thuban	α Dra	Dra	14.073165	64.37585	3.67
103227		β Ind	Ind	20.913498	-58.45416	3.67
22549		π Ori	Ori	4.853434	5.60510	3.68
42828		α Pyx	Pyx	8.726539	-33.18639	3.68
97365		δ Sge	Sge	19.789795	18.53429	3.68
114341	Safina		Aqr	23.157443	-21.17241	3.68
2920	Fulu	ζ Cas	Cas	0.616188	53.89691	3.69
9007		χ Eri	Eri	1.932564	-51.60890	3.69
23453	Saclateni	ζ Aur	Aur	5.041301	41.07584	3.69
47854			Car	9.754117	-62.50790	3.69
57399	Taiyangshou	χ UMa	UMa	11.767515	47.77941	3.69
106985	Nashira	γ Cap	Cap	21.668181	-16.66231	3.69
15474		τ Eri	Eri	3.325278	-21.75786	3.70
87933		ξ Her	Her	17.962744	29.24788	3.70
114971		γ Psc	Psc	23.286094	3.28229	3.70
22797		π Ori	Ori	4.904193	2.44067	3.71
28103		η Lep	Lep	5.940082	-14.16770	3.71
38414			Pup	7.870288	-40.57579	3.71
77622		ε Ser	Ser	15.846935	4.47773	3.71
88771			Oph	18.122496	9.56385	3.71
98036	Alshain	β Aql	Aql	19.921887	6.40676	3.71
16537	Ran	ε Eri	Eri	3.548848	-9.45826	3.72
17499	Electra		Tau	3.747927	24.11334	3.72
28358	Bagu	δ Aur	Aur	5.992111	54.28466	3.72
104060		ξ Cyg	Cyg	21.082184	43.92785	3.72
16083		ξ Tau	Tau	3.452820	9.73268	3.73
72220	Maenalus		Vir	14.770812	1.89288	3.73
87585	Grumium	ξ Dra	Dra	17.892134	56.87264	3.73
107089		ν Oct	Oct	21.691253	-77.39005	3.73
112961	Shatabhisha	λ Aqr	Aqr	22.876910	-7.57960	3.73
8645	Baten Kaitos	ζ Cet	Cet	1.857676	-10.33504	3.74
80170		γ Her	Her	16.365338	19.15313	3.74
104887		τ Cyg	Cyg	21.246517	38.04532	3.74
44511			Vel	9.069248	-47.09774	3.75
87108	Bake-eo	γ Oph	Oph	17.798211	2.70728	3.75
26069		β Dor	Dor	5.560421	-62.48983	3.76
27654		δ Lep	Lep	5.855357	-20.87909	3.76
30867		β Mon	Mon	6.480297	-7.03306	3.76
93683		ο Sgr	Sgr	19.078050	-21.74150	3.76
95853		ι Cyg	Cyg	19.495098	51.72978	3.76
111169	Stellio	α Lac	Lac	22.521515	50.28249	3.76
13268	Miram	η Per	Per	2.844945	55.89550	3.77
17529		ν Per	Per	3.753232	42.57855	3.77
20455	Secunda Hyadum	δ Tau	Tau	4.382247	17.54251	3.77
26549		σ Ori	Ori	5.645769	-2.60007	3.77
41312		β Vol	Vol	8.428951	-66.13689	3.77
42570			Vel	8.677103	-46.64874	3.77
82363		η Ara	Ara	16.829760	-59.04138	3.77
101958	Sualocin	α Del	Del	20.660635	15.91207	3.77
105881		ζ Cap	Cap	21.444452	-22.41133	3.77
109176		ι Peg	Peg	22.116847	25.34511	3.77
34481		γ Vol	Vol	7.145788	-70.49893	3.78
36046		ι Gem	Gem	7.428779	27.79808	3.78
48319		υ UMa	UMa	9.849867	59.03874	3.78
53253			Car	10.891559	-58.85317	3.78
71795		ζ Boo	Boo	14.685820	13.72830	3.78
102618	Albali	ε Aqr	Aqr	20.794598	-9.49578	3.78
14668	Misam	κ Per	Per	3.158258	44.85754	3.79
53229	Praecipua		LMi	10.888526	34.21487	3.79
14879	Dalim	α For	For	3.201249	-28.98762	3.80
37229			Pup	7.647186	-26.80384	3.80
76276		δ Ser	Ser	15.580041	10.53887	3.80
94779		κ Cyg	Cyg	19.285040	53.36846	3.80
99675			Cyg	20.227196	46.74133	3.80
21393	Theemin	υ Eri	Eri	4.592512	-30.56234	3.81
51232			Car	10.464649	-58.73940	3.81
76952	Baltesha	γ CrB	CrB	15.712381	26.29564	3.81
116584	Udkadua	λ And	And	23.626056	46.45815	3.81
9487	Alrescha	α Psc	Psc	2.034117	2.76376	3.82
45688			Lyn	9.314069	36.80260	3.82
56211	Giausar	λ Dra	Dra	11.523407	69.33108	3.82
80883	Marfik	λ Oph	Oph	16.515229	1.98392	3.82
86414		ι Her	Her	17.657747	46.00633	3.82
51069		μ Hya	Hya	10.434842	-16.83629	3.83
68245		φ Cen	Cen	13.971186	-42.10075	3.83
72370	Paradys	α Aps	Aps	14.797701	-79.04475	3.83
17440		β Ret	Ret	3.736593	-64.80690	3.84
17448	Atik	ο Per	Per	3.738648	32.28825	3.84
20885		θ Tau	Tau	4.476248	15.96218	3.84
43783			Car	8.917457	-60.64461	3.84
51624	Shaomin	ρ Leo	Leo	10.546853	9.30659	3.84
51986			Vel	10.621717	-48.22562	3.84
61199		γ Mus	Mus	12.541134	-72.13299	3.84
88794		ο Her	Her	18.125708	28.76249	3.84
89341	Polis	μ Sgr	Sgr	18.229392	-21.05883	3.84
97433		ε Dra	Dra	19.802850	70.26793	3.84
19747		α Hor	Hor	4.233363	-42.29437	3.85
27321		β Pic	Pic	5.788079	-51.06651	3.85
30277		δ Col	Col	6.368564	-33.43640	3.85
50191			Vel	10.245607	-42.12194	3.85
61281		κ Dra	Dra	12.558058	69.78824	3.85
61622		τ Cen	Cen	12.628394	-48.54130	3.85
78072		γ Ser	Ser	15.940882	15.66162	3.85
90139	Tusizuo		Her	18.394967	21.76975	3.85
91117		α Sct	Sct	18.586785	-8.24407	3.85
4436		μ And	And	0.945885	38.49934	3.86
21594	Sceptrum		Eri	4.636340	-14.30402	3.86
25859		ε Col	Col	5.520209	-35.47052	3.86
79664		δ TrA	TrA	16.257297	-63.68568	3.86
81065		γ Aps	Aps	16.557609	-78.89715	3.86
87808		θ Her	Her	17.937550	37.25054	3.86
110395	Sadachbia	γ Aqr	Aqr	22.360938	-1.38733	3.86
17573	Maia		Tau	3.763779	24.36775	3.87
43023			Vel	8.767124	-46.04153	3.87
68282		υ Cen	Cen	13.977987	-44.80358	3.87
71957		μ Vir	Vir	14.717673	-5.65821	3.87
78104	Iklil	ρ Sco	Sco	15.948077	-29.21407	3.87
97804		η Aql	Aql	19.874547	1.00566	3.87
765		ε Phe	Phe	0.156836	-45.74743	3.88
8832	Mesarthim	γ Ari	Ari	1.892170	19.29385	3.88
48455	Rasalas	μ Leo	Leo	9.879398	26.00695	3.88
74376		κ Lup	Lup	15.198918	-48.73782	3.88
114421		ι Gru	Gru	23.172640	-45.24671	3.88
13701	Azha	η Eri	Eri	2.940458	-8.89814	3.89
33152		ο CMa	CMa	6.902209	-24.18421	3.89
45336		θ Hya	Hya	9.239405	2.31428	3.89
60129	Zaniah	η Vir	Vir	12.331766	-0.66680	3.89
98110		η Cyg	Cyg	19.938438	35.08342	3.89
47431	Ukdah	ι Hya	Hya	9.664267	-1.14281	3.90
55425		π Cen	Cen	11.350117	-54.49102	3.90
65936			Cen	13.517405	-39.40731	3.90
18907		ν Tau	Tau	4.052606	5.98930	3.91
41307			Hya	8.427676	-3.90642	3.91
60823		σ Cen	Cen	12.467331	-50.23063	3.91
73807		π Lup	Lup	15.085303	-47.05125	3.91
76333	Zubenelhakrabi	γ Lib	Lib	15.592105	-14.78954	3.91
79992	Asuusiha	τ Her	Her	16.329011	46.31337	3.91
83207	Khepdenreret	ε Her	Her	17.004827	30.92640	3.92
95168		ρ Sgr	Sgr	19.361211	-17.84720	3.92
104987	Kitalpha	α Equ	Equ	21.263731	5.24784	3.92
2072		κ Phe	Phe	0.436716	-43.67983	3.93
7083		δ Phe	Phe	1.520851	-49.07270	3.93
13531		τ Per	Per	2.904295	52.76248	3.93
21444		ν Eri	Eri	4.605317	-3.35246	3.93
37504		ζ Vol	Vol	7.697004	-72.60610	3.93
54463			Car	11.143165	-58.97504	3.93
78933		ω Sco	Sco	16.113452	-20.66919	3.93
88192			Oph	18.010754	2.93157	3.93
5348	Wurren	ζ Phe	Phe	1.139742	-55.24576	3.94
37447		α Mon	Mon	7.687454	-9.55113	3.94
37677			Pup	7.730130	-28.95483	3.94
42911	Asellus Australis	δ Cnc	Cnc	8.744750	18.15431	3.94
103413		ν Cyg	Cyg	20.952893	41.16714	3.94
9598	Gang		Cas	2.057268	72.42129	3.95
31592		ν CMa	CMa	6.611399	-19.25588	3.95
118887		ζ UMa	UMa	13.398996	54.92047	3.95
19343			Per	4.144357	47.71251	3.96
28328		η Col	Col	5.985778	-42.81513	3.96
44248			Lyn	9.010685	41.78291	3.96
45101			Car	9.187985	-62.31698	3.96
95241	Arkab Prior	β Sgr	Sgr	19.377303	-44.45896	3.96
95347	Rukbat	α Sgr	Sgr	19.398103	-40.61594	3.96
99848			Cyg	20.257867	47.71421	3.96
115438			Aqr	23.382842	-20.10058	3.96
20535	Beemim		Eri	4.400613	-34.01685	3.97
27673		ν Aur	Aur	5.858166	39.14848	3.97
35228		δ Vol	Vol	7.280508	-67.95715	3.97
42515		β Pyx	Pyx	8.668373	-35.30835	3.97
59449		ρ Cen	Cen	12.194202	-52.36846	3.97
77634		χ Lup	Lup	15.849316	-33.62716	3.97
98495		ε Pav	Pav	20.009845	-72.91050	3.97
110997		δ Gru	Gru	22.487825	-43.49556	3.97
112440		λ Peg	Peg	22.775521	23.56565	3.97
18614	Menkib	ξ Per	Per	3.982750	35.79103	3.98
106481		ρ Cyg	Cyg	21.566350	45.59184	3.98
9347		υ Cet	Cet	2.000084	-21.07783	3.99
29651		γ Mon	Mon	6.247592	-6.27478	3.99
50954			Car	10.406592	-74.03161	3.99
65477	Alcor		UMa	13.420413	54.98796	3.99
114996		γ Tuc	Tuc	23.290498	-58.23573	3.99
44382		α Vol	Vol	9.040777	-66.39608	4.00
55642		ι Leo	Leo	11.398736	10.52951	4.00
79374	Jabbah	ν Sco	Sco	16.199926	-19.46071	4.00
8068	Dajiangjunbei	φ Per	Per	1.727675	50.68873	4.01
22109		μ Eri	Eri	4.758375	-3.25466	4.01
34088	Mekbuda	ζ Gem	Gem	7.068481	20.57030	4.01
35037		ω CMa	CMa	7.246849	-26.77267	4.01
71865			Cen	14.699332	-37.79350	4.01
78527		θ Dra	Dra	16.031532	58.56525	4.01
80000		γ Nor	Nor	16.330687	-50.15551	4.01
91792		ζ Pav	Pav	18.717260	-71.42811	4.01
101076			Cyg	20.489926	30.36856	4.01
43409		γ Pyx	Pyx	8.842204	-27.70984	4.02
59199	Alchiba	α Crv	Crv	12.140225	-24.72887	4.02
93244		ε Aql	Aql	18.993711	15.06830	4.02
93429			Aql	19.028008	-5.73911	4.02
10670	Apdu	γ Tri	Tri	2.288573	33.84719	4.03
23522		β Cam	Cam	5.056970	60.44224	4.03
43103	Yuyu	ι Cnc	Cnc	8.778284	28.75990	4.03
63003		μ Cru	Cru	12.909900	-57.17792	4.03
88601			Oph	18.090913	2.50010	4.03
101421	Aldulfin	ε Del	Del	20.553547	11.30326	4.03
118268		ω Psc	Psc	23.988525	6.86332	4.03
19587	Beid	ο Eri	Eri	4.197761	-6.83758	4.04
57380		ν Vir	Vir	11.764322	6.52938	4.04
70497		θ Boo	Boo	14.419967	51.85074	4.04
111497		η Aqr	Aqr	22.589272	-0.11750	4.04
14632		ι Per	Per	3.151005	49.61328	4.05
40702		α Cha	Cha	8.308703	-76.91972	4.05
42884			Vel	8.739987	-42.64928	4.05
55434		σ Leo	Leo	11.352276	6.02932	4.05
67459		υ Boo	Boo	13.824623	15.79791	4.05
70090		ψ Cen	Cen	14.342623	-37.88529	4.05
71536		ρ Lup	Lup	14.631454	-49.42583	4.05
112716		τ Aqr	Aqr	22.826528	-13.59263	4.05
22957		ο Ori	Ori	4.939521	13.51447	4.06
36962		υ Gem	Gem	7.598708	26.89574	4.06
55705		γ Crt	Crt	11.414702	-17.68401	4.06
59929		ε Mus	Mus	12.292917	-67.96074	4.06
60009		ζ Cru	Cru	12.307298	-64.00307	4.06
72010			Cen	14.727624	-35.17365	4.06
83153		ε Ara	Ara	16.993069	-53.16044	4.06
69701	Syrma	ι Vir	Vir	14.266908	-6.00055	4.07
74117		λ Lup	Lup	15.147394	-45.27986	4.07
74824		β Cir	Cir	15.291917	-58.80121	4.07
110991		δ Cep	Cep	22.486183	58.41520	4.07
3693	Shimu	ζ And	And	0.788981	24.26718	4.08
11001		δ Hyi	Hyi	2.362498	-68.65942	4.08
12387		δ Cet	Cet	2.658044	0.32851	4.08
14146		τ Eri	Eri	3.039863	-23.62447	4.08
33160		θ CMa	CMa	6.903167	-12.03863	4.08
46974			Car	9.574071	-59.22975	4.08
53740	Alkes	α Crt	Crt	10.996244	-18.29878	4.08
92862			Lyr	18.922249	43.94609	4.08
104139	Udang	θ Cap	Cap	21.099118	-17.23286	4.08
105502			Peg	21.368110	19.80451	4.08
26366		φ Ori	Ori	5.615108	9.29067	4.09
77450	Gudja	κ Ser	Ser	15.812327	18.14156	4.09
7513	Titawin	υ And	And	1.613299	41.40546	4.10
12777		θ Per	Per	2.736634	49.22845	4.10
38164			Pup	7.820638	-46.37320	4.10
90568		ζ Tel	Tel	18.480505	-49.07059	4.10
94160		β CrA	CrA	19.167154	-39.34080	4.10
12486		ι Eri	Eri	2.677781	-39.85538	4.11
34045	Muliphein	γ CMa	CMa	7.062637	-15.63329	4.11
42312			Vel	8.627399	-42.98908	4.11
48356	Zhang	υ Hya	Hya	9.857970	-14.84660	4.11
51839		γ Cha	Cha	10.591166	-78.60779	4.11
57439			Cen	11.775232	-61.17840	4.11
76440		ε TrA	TrA	15.612000	-66.31704	4.11
94114	Meridiana	α CrA	CrA	19.157869	-37.90447	4.11
113638		ζ Gru	Gru	23.014677	-52.75414	4.11
12394		ε Hyi	Hyi	2.659799	-68.26695	4.12
19812		μ Per	Per	4.248295	48.40933	4.12
28614		μ Ori	Ori	6.039722	9.64728	4.12
58948		ο Vir	Vir	12.086817	8.73298	4.12
98032		ι Sgr	Sgr	19.921026	-41.86829	4.12
102978		ω Cap	Cap	20.863692	-26.91913	4.12
111043		δ Gru	Gru	22.495955	-43.74922	4.12
25247			Ori	5.399119	-7.80807	4.13
30883		ν Gem	Gem	6.482719	20.21213	4.13
77853		θ Lib	Lib	15.897093	-16.72929	4.13
102485		ψ Cap	Cap	20.768260	-25.27090	4.13
112405		β Oct	Oct	22.767692	-81.38161	4.13
116771		ι Psc	Psc	23.665844	5.62629	4.13
16369			Tau	3.514549	12.93668	4.14
17608	Merope		Tau	3.772104	23.94836	4.14
42313		δ Hya	Hya	8.627602	5.70378	4.14
59072		η Cru	Cru	12.114687	-64.61373	4.14
76127	Guansuo	θ CrB	CrB	15.548829	31.35913	4.14
78159		ε CrB	CrB	15.959794	26.87788	4.14
107354		κ Peg	Peg	21.744092	25.64504	4.14
109937			Lac	22.266160	37.74874	4.14
34769		δ Mon	Mon	7.197739	-0.49276	4.15
85112		ρ Her	Her	17.394708	37.14595	4.15
116805	Kaffalmusalsala	κ And	And	23.673469	44.33393	4.15
28734			Gem	6.068671	23.26334	4.16
36366		ρ Gem	Gem	7.485195	31.78455	4.16
85340			Oph	17.439504	-24.17531	4.16
2599	Cexing	κ Cas	Cas	0.549997	62.93178	4.17
17874			Eri	3.824237	-36.20025	4.17
110003	Ancha	θ Aqr	Aqr	22.280565	-7.78329	4.17
69427	Kang	κ Vir	Vir	14.214929	-10.27370	4.18
69732	Xuange	λ Boo	Boo	14.273074	46.08830	4.18
81304			Sco	16.606242	-35.25533	4.18
109857		ε Cep	Cep	22.250544	57.04359	4.18
111954		ε PsA	PsA	22.677594	-27.04362	4.18
67457			Cen	13.824091	-34.45078	4.19
92043			Her	18.761035	20.54631	4.19
25813			Ori	5.513070	5.94814	4.20
38835			Pup	7.947650	-22.88012	4.20
51233		β LMi	LMi	10.464727	36.70721	4.20
81126		σ Her	Her	16.568384	42.43704	4.20
112447		ξ Peg	Peg	22.778216	12.17289	4.20
113246		δ PsA	PsA	22.932472	-32.53963	4.20
16228			Cam	3.484482	59.94033	4.21
20635		κ Tau	Tau	4.422822	22.29387	4.21
82080		ε UMi	UMi	16.766159	82.03726	4.21
101093		θ Cep	Cep	20.493015	62.99410	4.21
105858		γ Pav	Pav	21.440705	-65.36620	4.21
13254			Per	2.843063	38.31864	4.22
17651		τ Eri	Eri	3.780804	-23.24972	4.22
38518			Pup	7.888378	-48.10293	4.22
78918		θ Lup	Lup	16.109874	-36.80229	4.22
80569		χ Oph	Oph	16.450399	-18.45625	4.22
89908		φ Dra	Dra	18.345955	71.33781	4.22
92175		β Sct	Sct	18.786242	-4.74787	4.22
92609		λ Pav	Pav	18.870288	-62.18759	4.22
92791		δ Lyr	Lyr	18.908412	36.89861	4.22
102453			Cyg	20.761043	30.71972	4.22
105102		σ Cyg	Cyg	21.290265	39.39468	4.22
114724		φ Aqr	Aqr	23.238711	-6.04900	4.22
1599		ζ Tuc	Tuc	0.334142	-64.87479	4.23
37629		σ Gem	Gem	7.721867	28.88351	4.23
64394		β Com	Com	13.197904	27.87818	4.23
67153			Cen	13.761471	-33.04372	4.23
68520		τ Vir	Vir	14.027443	1.54453	4.23
79101		φ Her	Her	16.146162	44.93491	4.23
81852		β Aps	Aps	16.718126	-77.51744	4.23
93825		γ CrA	CrA	19.106971	-37.06344	4.23
107259	Garnet Star	μ Cep	Cep	21.725127	58.78005	4.23
107533		π Cyg	Cyg	21.779891	49.30957	4.23
5372	Tarandus		Cep	1.145613	86.25709	4.24
11407		κ Eri	Eri	2.449755	-47.70384	4.24
12770		π Cet	Cet	2.735375	-13.85870	4.24
60000		β Cha	Cha	12.305812	-79.31224	4.24
61317	Chara	β CVn	CVn	12.562411	41.35748	4.24
80911			Sco	16.523037	-34.70437	4.24
86565		ο Ser	Ser	17.690243	-12.87531	4.24
114855		ψ Aqr	Aqr	23.264859	-9.08774	4.24
5896		κ Tuc	Tuc	1.262704	-68.87593	4.25
19167		λ Per	Per	4.109735	50.35126	4.25
21402			Tau	4.594239	10.16079	4.25
21476			Per	4.611508	41.26481	4.25
23972		λ Eri	Eri	5.152440	-8.75408	4.25
41075	Alsciaukat		Lyn	8.380588	43.18813	4.25
62896			Cen	12.890607	-40.17887	4.25
70692			UMi	14.458758	75.69599	4.25
107418		ν Cep	Cep	21.757480	61.12081	4.25
5434	Junnanmen	φ And	And	1.158368	47.24179	4.26
8198	Torcular	ο Psc	Psc	1.756564	9.15774	4.26
15510	82 G. Eri		Eri	3.331944	-43.06978	4.26
16611		τ Eri	Eri	3.563132	-21.63288	4.26
19893		γ Dor	Dor	4.267097	-51.48665	4.26
22783		α Cam	Cam	4.900836	66.34268	4.26
44066	Acubens	α Cnc	Cnc	8.974784	11.85770	4.26
86170			Sco	17.609121	-38.63531	4.26
88267	Bodu		Her	18.025113	21.59578	4.26
108917	Kurhah	ξ Cep	Cep	22.063135	64.62797	4.26
4906		ε Psc	Psc	1.049058	7.89013	4.27
12828		μ Cet	Cet	2.749039	10.11415	4.27
19860		μ Tau	Tau	4.258905	8.89236	4.27
21589			Tau	4.635961	12.51084	4.27
21881	Gaja	τ Tau	Tau	4.704084	22.95693	4.27
64004		ξ Cen	Cen	13.115180	-49.90625	4.27
74911		μ Lup	Lup	15.308897	-47.87527	4.27
95294	Arkab Posterior	β Sgr	Sgr	19.386976	-44.79978	4.27
102532		γ Del	Del	20.777640	16.12430	4.27
115830		θ Psc	Psc	23.466138	6.37899	4.27
20711		υ Tau	Tau	4.438461	22.81358	4.28
47193			Dra	9.618151	81.32638	4.28
51172		α Ant	Ant	10.452530	-31.06778	4.28
85423			Oph	17.455909	-29.86703	4.28
99655			Cyg	20.223288	56.56772	4.28
105515		ι Cap	Cap	21.370776	-16.83454	4.28
109410		π Peg	Peg	22.166457	33.17822	4.28
114131		θ Gru	Gru	23.114650	-43.52036	4.28
16852			Tau	3.614551	0.40166	4.29
24845		λ Lep	Lep	5.326257	-13.17679	4.29
52154			Vel	10.655112	-55.60327	4.29
57936		β Hya	Hya	11.881813	-33.90812	4.29
77055		ζ UMi	UMi	15.734299	77.79449	4.29
80894		φ Oph	Oph	16.518991	-16.61273	4.29
109139		ι Aqr	Aqr	22.107286	-13.86968	4.29
111188		β PsA	PsA	22.525090	-32.34607	4.29
116631	Rasalnaqa	ι And	And	23.635610	43.26807	4.29
4577		α Scl	Scl	0.976766	-29.35745	4.30
11484		ξ Cet	Cet	2.469317	8.46005	4.30
17531	Taygeta		Tau	3.753470	24.46728	4.30
17797			Eri	3.809963	-37.62015	4.30
20648		δ Tau	Tau	4.424828	17.92791	4.30
28404		π Aur	Aur	5.998917	45.93674	4.30
42799		η Hya	Hya	8.720410	3.39866	4.30
53417			Leo	10.926890	24.74972	4.30
56647		υ Leo	Leo	11.615814	-0.82375	4.30
57669			Cen	11.828077	-63.78848	4.30
61174		η Crv	Crv	12.534510	-16.19601	4.30
70069			Cen	14.338763	-56.38650	4.30
100027		α Cap	Cap	20.294130	-12.50821	4.30
42568			Car	8.676953	-59.76100	4.31
70638		δ Oct	Oct	14.448801	-83.66788	4.31
75411	Alkalurops	μ Boo	Boo	15.408181	37.37717	4.31
78990		ω Sco	Sco	16.123424	-20.86876	4.31
101847			Aql	20.638967	-1.10512	4.31
16826		ψ Per	Per	3.608159	48.19263	4.32
21763			Eri	4.674031	-19.67149	4.32
25945			Tau	5.536875	18.59423	4.32
29696		κ Aur	Aur	6.256304	29.49808	4.32
43067			Hya	8.772927	-13.54772	4.32
46750	Alterf	λ Leo	Leo	9.528675	22.96797	4.32
58758		θ Cru	Cru	12.050447	-63.31293	4.32
64241	Diadem	α Com	Com	13.166469	17.52943	4.32
67669			Cen	13.863779	-32.99409	4.32
72683		ο Lup	Lup	14.860641	-43.57536	4.32
84880		ν Ser	Ser	17.347128	-12.84688	4.32
36284		γ CMi	CMi	7.469387	8.92553	4.33
118742	Alula Australis	ξ UMa	UMa	11.303118	31.52878	4.33
62867			Cen	12.885258	-48.94331	4.33
70576		τ Lup	Lup	14.436336	-45.37928	4.33
84405	Guniibuu		Oph	17.255836	-26.60283	4.33
88866		π Pav	Pav	18.143000	-63.66855	4.33
89826		κ Lyr	Lyr	18.331031	36.06455	4.33
2912		π And	And	0.614680	33.71934	4.34
3031		ε And	And	0.642602	29.31175	4.34
5542		θ Cas	Cas	1.185017	55.14990	4.34
27100		δ Dor	Dor	5.746223	-65.73553	4.34
31125		ξ CMa	CMa	6.530935	-23.41842	4.34
40888		θ Cha	Cha	8.344115	-77.48448	4.34
45496			Car	9.270024	-57.54147	4.34
47175			Vel	9.613772	-49.35503	4.34
68523		υ Cen	Cen	14.028748	-45.60342	4.34
76552		ω Lup	Lup	15.634232	-42.56735	4.34
85355		σ Oph	Oph	17.441911	4.14036	4.34
91971		ζ Lyr	Lyr	18.746209	37.60511	4.34
92161			Her	18.783686	18.18152	4.34
107348			Peg	21.741860	17.35002	4.34
111022			Lac	22.492173	47.70689	4.34
14838	Botein	δ Ari	Ari	3.193822	19.72668	4.35
22509		π Ori	Ori	4.843534	8.90018	4.35
31407			Car	6.582940	-52.97561	4.35
33449			Lyn	6.954612	58.42276	4.35
39794		ε Vol	Vol	8.132173	-68.61706	4.35
43234		ρ Hya	Hya	8.807214	5.83781	4.35
60742		γ Com	Com	12.448966	28.26842	4.35
74857			Lup	15.297178	-30.14867	4.35
85822	Yildun	δ UMi	UMi	17.536918	86.58646	4.35
90098		ξ Pav	Pav	18.387117	-61.49390	4.35
94713		θ Lyr	Lyr	19.272804	38.13373	4.35
107380		ι PsA	PsA	21.749113	-33.02578	4.35
2484		β Tuc	Tuc	0.525725	-62.95822	4.36
3405		η Phe	Phe	0.722567	-57.46306	4.36
10324		ξ Cet	Cet	2.216665	8.84672	4.36
16335		σ Per	Per	3.509579	47.99522	4.36
19038			Tau	4.078253	22.08193	4.36
22701		ω Eri	Eri	4.881575	-5.45270	4.36
24327		κ Lep	Lep	5.220522	-12.94129	4.36
28199		γ Col	Col	5.958947	-35.28328	4.36
33347		ι CMa	CMa	6.935618	-17.05424	4.36
39863		ζ Mon	Mon	8.143236	-2.98379	4.36
68862		χ Cen	Cen	14.100770	-41.17963	4.36
96468		ι Aql	Aql	19.612022	-1.28660	4.36
154			Psc	0.032672	-6.01407	4.37
29807		κ Col	Col	6.275871	-35.14052	4.37
35415		τ CMa	CMa	7.311802	-24.95437	4.37
53773			Vel	11.002572	-42.22586	4.37
88886	Ramus		Her	18.145970	20.81456	4.37
98412		θ Sgr	Sgr	19.995605	-35.27631	4.37
64238		θ Vir	Vir	13.165831	-5.53901	4.38
99255		κ Cep	Cep	20.148145	77.71142	4.38
115669			Aqr	23.434108	-20.64201	4.38
116231		β Scl	Scl	23.549512	-37.81827	4.38
8837		ψ Phe	Phe	1.894102	-46.30267	4.39
17884	Custos		Cam	3.825357	65.52597	4.39
26176		φ Ori	Ori	5.580344	9.48958	4.39
27913		χ Ori	Ori	5.906386	20.27617	4.39
30419		ε Mon	Mon	6.396135	4.59286	4.39
39311			CMi	8.037760	2.33457	4.39
49637	Yunü		Leo	10.131742	9.99751	4.39
73620			Vir	15.048344	2.09130	4.39
82673		ι Oph	Oph	16.900131	10.16536	4.39
84893		ξ Oph	Oph	17.350101	-21.11293	4.39
96757	Sham	α Sge	Sge	19.668275	18.01389	4.39
96837		β Sge	Sge	19.684150	17.47604	4.39
105319		θ Ind	Ind	21.331096	-53.44943	4.39
4463	Kui	η And	And	0.953445	23.41765	4.40
38070		ο Pup	Pup	7.801436	-25.93717	4.40
39906			Pup	8.150455	-19.24501	4.40
93015		κ Pav	Pav	18.949177	-67.23350	4.40
108431		δ Ind	Ind	21.965293	-54.99258	4.40
32761			Car	6.830921	-53.62245	4.41
34693		τ Gem	Gem	7.185659	30.24516	4.41
70300			Cen	14.383956	-39.51182	4.41
85693	Maasym	λ Her	Her	17.512308	26.11065	4.41
87998		ν Her	Her	17.975041	30.18928	4.41
105138		υ Cyg	Cyg	21.298632	34.89690	4.41
114222		π Cep	Cep	23.131623	75.38750	4.41
115033		ψ Aqr	Aqr	23.298393	-9.18251	4.41
115102		γ Scl	Scl	23.313733	-32.53203	4.41
29038		ν Ori	Ori	6.126201	14.76847	4.42
31700		ν CMa	CMa	6.631506	-18.23748	4.42
34922			Pup	7.225637	-44.63974	4.42
34981			CMa	7.237559	-26.35251	4.42
40326			Pup	8.234143	-40.34789	4.42
53954			Leo	11.038827	20.17984	4.42
72571	Solitaire		Hya	14.838147	-27.96037	4.42
77257		λ Ser	Ser	15.774060	7.35307	4.42
88290			Oph	18.029222	1.30508	4.42
110538		β Lac	Lac	22.392675	52.22905	4.42
115623	Alkarab	υ Peg	Peg	23.422993	23.40410	4.42
17593		π Eri	Eri	3.769037	-12.10159	4.43
19849	Keid	ο Eri	Eri	4.254537	-7.65287	4.43
23040			Cam	4.954780	53.75210	4.43
94481	Aladfar	η Lyr	Lyr	19.229302	39.14597	4.43
98688			Sgr	20.044299	-27.70985	4.43
100587			Cyg	20.397671	32.19017	4.43
102281		δ Del	Del	20.724315	15.07458	4.43
102624			Aqr	20.795621	-5.02770	4.43
1170			Cet	0.244005	-18.93287	4.44
3786		δ Psc	Psc	0.811373	7.58508	4.44
19921		ε Ret	Ret	4.274738	-59.30216	4.44
21770		α Cae	Cae	4.676039	-41.86375	4.44
30060			Lyn	6.327052	59.01096	4.44
36795			Pup	7.567551	-22.29607	4.44
40091			Pup	8.189304	-39.61854	4.44
40706			Pup	8.309258	-36.65929	4.44
71121		σ Lup	Lup	14.543629	-50.45716	4.44
95771	Anser	α Vul	Vul	19.478427	24.66491	4.44
7884		ν Psc	Psc	1.690526	5.48761	4.45
13147		β For	For	2.818169	-32.40590	4.45
24244		ι Lep	Lep	5.204973	-11.86922	4.45
29426		ξ Ori	Ori	6.198999	14.20876	4.45
42402	Minchir	σ Hya	Hya	8.645955	3.34144	4.45
44191			Vel	9.001505	-41.25361	4.45
51849			Car	10.593140	-57.55764	4.45
52633		δ Cha	Cha	10.763087	-80.54019	4.45
55084		φ Leo	Leo	11.277695	-3.65160	4.45
80975		ω Oph	Oph	16.535611	-21.46639	4.45
94648		τ Dra	Dra	19.259229	73.35547	4.45
96229		μ Aql	Aql	19.568153	7.37894	4.45
11569	Huagai	ι Cas	Cas	2.484437	67.40247	4.46
18255			Eri	3.904862	-2.95473	4.46
24331		ρ Ori	Ori	5.221523	2.86126	4.46
44901			UMa	9.147863	51.60465	4.46
54682		β Crt	Crt	11.194302	-22.82585	4.46
59173			Cen	12.134788	-50.66128	4.46
80582		ε Nor	Nor	16.453067	-47.55479	4.46
112948		γ PsA	PsA	22.875427	-32.87550	4.46
12843		τ Eri	Eri	2.751715	-18.57256	4.47
15549			Ari	3.338989	29.04846	4.47
23123		π Ori	Ori	4.975806	1.71402	4.47
30788		λ CMa	CMa	6.469503	-32.58007	4.47
31216			Mon	6.548396	7.33296	4.47
38957			Pup	7.970678	-49.24491	4.47
44599			Car	9.085785	-72.60271	4.47
46146		κ Leo	Leo	9.410906	26.18232	4.47
47006			UMa	9.580405	52.05148	4.47
57803			Cen	11.852419	-45.17347	4.47
71284	Genghe	σ Boo	Boo	14.578000	29.74513	4.47
73165			Lib	14.953055	-4.34646	4.47
104858		δ Equ	Equ	21.241337	10.00698	4.47
109111		λ Gru	Gru	22.101914	-39.54335	4.47
3504		ο Cas	Cas	0.745420	48.28436	4.48
18744		γ Ret	Ret	4.014946	-62.15928	4.48
20713			Tau	4.439094	15.61826	4.48
32578			Mon	6.797680	2.41216	4.48
49641		α Sex	Sex	10.132300	-0.37164	4.48
75323		γ Cir	Cir	15.389625	-59.32079	4.48
80343		ψ Oph	Oph	16.401718	-20.03733	4.48
113889	Fumalsamakah	β Psc	Psc	23.064615	3.82004	4.48
114119			Aqr	23.111345	-23.74311	4.48
9480			Cas	2.032644	70.90702	4.49
21248		υ Eri	Eri	4.558490	-29.76649	4.49
32249			Gem	6.733137	13.22802	4.49
34834			Pup	7.209350	-46.75930	4.49
38455			Pup	7.877402	-38.86281	4.49
49593			LMi	10.123821	35.24469	4.49
71762		π Boo	Boo	14.678768	16.41832	4.49
96441		θ Cyg	Cyg	19.607372	50.22110	4.49
104234			Cap	21.118797	-25.00585	4.49
107310		μ Cyg	Cyg	21.735710	28.74263	4.49
116928		λ Psc	Psc	23.700779	1.78004	4.49
116971		ω Aqr	Aqr	23.712039	-14.54490	4.49
118322		ε Tuc	Tuc	23.998594	-65.57713	4.49
26594		ω Ori	Ori	5.653096	4.12147	4.50
27530		γ Pic	Pic	5.830451	-56.16666	4.50
43105			Car	8.778487	-56.76978	4.50
50676			Vel	10.348557	-56.04322	4.50
57565			Leo	11.799762	20.21893	4.50
67275	Tepiamenit	τ Boo	Boo	13.787710	17.45691	4.50
99874			Vul	20.262816	27.81424	4.50
104459		ν Aqr	Aqr	21.159902	-11.37169	4.50
106039			Cap	21.478721	-21.80718	4.50
109285		μ PsA	PsA	22.139722	-32.98847	4.50
109754			Lac	22.231312	39.71493	4.50
111944			Lac	22.675233	44.27631	4.50
